Month,E,U,Us
"Jan
1948",58061,2034,1188
"Feb
1948",58196,2328,1377
"Mar
1948",57671,2399,1279
"Apr
1948",58291,2386,1461
"May
1948",57854,2118,1146
"Jun
1948",58743,2214,1287
"Jul
1948",58968,2213,1259
"Aug
1948",58456,2350,1511
"Sep
1948",58513,2302,1245
"Oct
1948",58387,2259,1210
"Nov
1948",58417,2285,1251
"Dec
1948",58740,2429,1432
"Jan
1949",58175,2596,1510
"Feb
1949",58208,2849,1603
"Mar
1949",58043,3030,1631
"Apr
1949",57747,3260,1652
"May
1949",57552,3707,1884
"Jun
1949",57172,3776,1729
"Jul
1949",57190,4111,1852
"Aug
1949",57397,4193,1874
"Sep
1949",57584,4049,1651
"Oct
1949",57269,4916,2332
"Nov
1949",58009,3996,1747
"Dec
1949",57845,4063,1748
"Jan
1950",57635,4026,1780
"Feb
1950",57751,3936,1600
"Mar
1950",57728,3876,1503
"Apr
1950",58583,3575,1472
"May
1950",58649,3434,1464
"Jun
1950",59052,3367,1468
"Jul
1950",59001,3120,1411
"Aug
1950",59797,2799,1251
"Sep
1950",59575,2774,1272
"Oct
1950",59803,2625,1262
"Nov
1950",59697,2589,1354
"Dec
1950",59429,2639,1459
"Jan
1951",59636,2305,1115
"Feb
1951",59661,2117,1107
"Mar
1951",60401,2125,1215
"Apr
1951",59889,1919,1160
"May
1951",60188,1856,1125
"Jun
1951",59620,1995,1125
"Jul
1951",60156,1950,1183
"Aug
1951",59994,1933,1184
"Sep
1951",59713,2067,1294
"Oct
1951",60010,2194,1279
"Nov
1951",59836,2178,1233
"Dec
1951",60497,1960,1138
"Jan
1952",60460,1972,1066
"Feb
1952",60462,1957,1181
"Mar
1952",59908,1813,1150
"Apr
1952",59909,1811,1137
"May
1952",60195,1863,1179
"Jun
1952",60219,1884,1196
"Jul
1952",59971,1991,1187
"Aug
1952",59790,2087,1270
"Sep
1952",60521,1936,1130
"Oct
1952",60132,1839,1050
"Nov
1952",60748,1743,1017
"Dec
1952",60954,1667,1044
"Jan
1953",61600,1839,1059
"Feb
1953",61884,1636,1068
"Mar
1953",62010,1647,1029
"Apr
1953",61444,1723,1131
"May
1953",61019,1596,973
"Jun
1953",61456,1607,985
"Jul
1953",61397,1660,1002
"Aug
1953",61151,1665,1076
"Sep
1953",60906,1821,1163
"Oct
1953",60893,1974,1242
"Nov
1953",60738,2211,1307
"Dec
1953",59977,2818,1761
"Jan
1954",60024,3077,1631
"Feb
1954",60663,3331,1706
"Mar
1954",60186,3607,1729
"Apr
1954",60185,3749,1725
"May
1954",59908,3767,1643
"Jun
1954",59792,3551,1573
"Jul
1954",59643,3659,1623
"Aug
1954",59853,3854,1587
"Sep
1954",60282,3927,1640
"Oct
1954",60270,3666,1535
"Nov
1954",60357,3402,1457
"Dec
1954",60116,3196,1414
"Jan
1955",60753,3157,1398
"Feb
1955",60727,2969,1296
"Mar
1955",60964,2918,1184
"Apr
1955",61515,3049,1301
"May
1955",61634,2747,1295
"Jun
1955",61781,2701,1305
"Jul
1955",62513,2632,1282
"Aug
1955",62797,2784,1445
"Sep
1955",62950,2678,1357
"Oct
1955",62991,2830,1429
"Nov
1955",63257,2780,1386
"Dec
1955",63684,2761,1338
"Jan
1956",63753,2666,1336
"Feb
1956",63518,2606,1289
"Mar
1956",63411,2764,1502
"Apr
1956",63614,2650,1353
"May
1956",63861,2861,1483
"Jun
1956",63820,2882,1505
"Jul
1956",63800,2952,1469
"Aug
1956",63972,2701,1376
"Sep
1956",64079,2635,1356
"Oct
1956",63975,2571,1319
"Nov
1956",63796,2861,1481
"Dec
1956",63910,2790,1446
"Jan
1957",63632,2796,1373
"Feb
1957",64257,2622,1293
"Mar
1957",64404,2509,1241
"Apr
1957",64047,2600,1335
"May
1957",63985,2710,1423
"Jun
1957",64196,2856,1392
"Jul
1957",64540,2796,1366
"Aug
1957",63959,2747,1395
"Sep
1957",64121,2943,1484
"Oct
1957",64046,3020,1399
"Nov
1957",63669,3454,1598
"Dec
1957",63922,3476,1585
"Jan
1958",63220,3875,1701
"Feb
1958",62898,4303,1883
"Mar
1958",62731,4492,1933
"Apr
1958",62631,5016,1881
"May
1958",62874,5021,1855
"Jun
1958",62730,4944,1755
"Jul
1958",62745,5079,1818
"Aug
1958",63012,5025,1760
"Sep
1958",63181,4821,1626
"Oct
1958",63475,4570,1643
"Nov
1958",63470,4188,1531
"Dec
1958",63549,4191,1692
"Jan
1959",63868,4068,1574
"Feb
1959",63684,3965,1554
"Mar
1959",64267,3801,1459
"Apr
1959",64768,3571,1494
"May
1959",64699,3479,1479
"Jun
1959",64849,3429,1522
"Jul
1959",65011,3528,1591
"Aug
1959",64844,3588,1607
"Sep
1959",64770,3775,1602
"Oct
1959",64911,3910,1750
"Nov
1959",64530,4003,1745
"Dec
1959",65341,3653,1657
"Jan
1960",65347,3615,1638
"Feb
1960",65620,3329,1431
"Mar
1960",64673,3726,1666
"Apr
1960",65959,3620,1735
"May
1960",66057,3569,1718
"Jun
1960",66168,3766,1738
"Jul
1960",65909,3836,1709
"Aug
1960",65895,3946,1746
"Sep
1960",66267,3884,1677
"Oct
1960",65632,4252,1766
"Nov
1960",66109,4330,1718
"Dec
1960",65778,4617,2102
"Jan
1961",65776,4671,1884
"Feb
1961",65588,4832,2037
"Mar
1961",65850,4853,1863
"Apr
1961",65374,4893,1729
"May
1961",65449,5003,1748
"Jun
1961",65993,4885,1841
"Jul
1961",65608,4928,1789
"Aug
1961",65852,4682,1701
"Sep
1961",65541,4676,1859
"Oct
1961",65919,4573,1811
"Nov
1961",66081,4295,1638
"Dec
1961",65900,4177,1734
"Jan
1962",66108,4081,1701
"Feb
1962",66538,3871,1504
"Mar
1962",66493,3921,1721
"Apr
1962",66372,3906,1629
"May
1962",66688,3863,1543
"Jun
1962",66670,3844,1598
"Jul
1962",66483,3819,1592
"Aug
1962",66968,4013,1731
"Sep
1962",67192,3961,1749
"Oct
1962",67114,3803,1636
"Nov
1962",66847,4024,1838
"Dec
1962",66947,3907,1732
"Jan
1963",67072,4074,1730
"Feb
1963",67024,4238,1858
"Mar
1963",67351,4072,1701
"Apr
1963",67642,4055,1717
"May
1963",67615,4217,1870
"Jun
1963",67649,3977,1719
"Jul
1963",67905,4051,1693
"Aug
1963",67908,3878,1677
"Sep
1963",68174,3957,1695
"Oct
1963",68294,3987,1738
"Nov
1963",68267,4151,1859
"Dec
1963",68213,3975,1774
"Jan
1964",68327,4029,1805
"Feb
1964",68751,3932,1708
"Mar
1964",68763,3950,1783
"Apr
1964",69356,3918,1767
"May
1964",69631,3764,1681
"Jun
1964",69218,3814,1719
"Jul
1964",69399,3608,1486
"Aug
1964",69463,3655,1696
"Sep
1964",69578,3712,1703
"Oct
1964",69582,3726,1754
"Nov
1964",69735,3551,1596
"Dec
1964",69814,3651,1672
"Jan
1965",69997,3572,1626
"Feb
1965",70127,3730,1743
"Mar
1965",70439,3510,1702
"Apr
1965",70633,3595,1747
"May
1965",71034,3432,1670
"Jun
1965",71025,3387,1656
"Jul
1965",71460,3301,1654
"Aug
1965",71362,3254,1613
"Sep
1965",71286,3216,1627
"Oct
1965",71695,3143,1533
"Nov
1965",71724,3073,1531
"Dec
1965",72062,3031,1436
"Jan
1966",72198,2988,1523
"Feb
1966",72134,2820,1505
"Mar
1966",72188,2887,1523
"Apr
1966",72510,2828,1563
"May
1966",72497,2950,1631
"Jun
1966",72775,2872,1647
"Jul
1966",72860,2876,1640
"Aug
1966",73146,2900,1622
"Sep
1966",73258,2798,1555
"Oct
1966",73401,2798,1541
"Nov
1966",73840,2770,1499
"Dec
1966",73729,2912,1582
"Jan
1967",73671,2968,1608
"Feb
1967",73606,2915,1596
"Mar
1967",73439,2889,1586
"Apr
1967",73882,2895,1547
"May
1967",73844,2929,1581
"Jun
1967",74278,2992,1704
"Jul
1967",74520,2944,1642
"Aug
1967",74767,2945,1595
"Sep
1967",74854,2958,1667
"Oct
1967",75051,3143,1730
"Nov
1967",75125,3066,1680
"Dec
1967",75473,3018,1616
"Jan
1968",74700,2878,1458
"Feb
1968",75229,3001,1710
"Mar
1968",75379,2877,1651
"Apr
1968",75561,2709,1436
"May
1968",76107,2740,1567
"Jun
1968",76182,2938,1755
"Jul
1968",76087,2883,1647
"Aug
1968",76043,2768,1645
"Sep
1968",76172,2686,1534
"Oct
1968",76224,2689,1507
"Nov
1968",76494,2715,1593
"Dec
1968",76778,2685,1527
"Jan
1969",76805,2718,1554
"Feb
1969",77327,2692,1442
"Mar
1969",77367,2712,1603
"Apr
1969",77523,2758,1600
"May
1969",77412,2713,1649
"Jun
1969",77880,2816,1664
"Jul
1969",77959,2868,1686
"Aug
1969",78250,2856,1637
"Sep
1969",78250,3040,1693
"Oct
1969",78445,3049,1814
"Nov
1969",78541,2856,1580
"Dec
1969",78740,2884,1585
"Jan
1970",78780,3201,1800
"Feb
1970",78698,3453,1950
"Mar
1970",78863,3635,1978
"Apr
1970",78930,3797,2139
"May
1970",78564,3919,2109
"Jun
1970",78413,4071,2100
"Jul
1970",78726,4175,2132
"Aug
1970",78624,4256,2182
"Sep
1970",78498,4456,2235
"Oct
1970",78685,4591,2386
"Nov
1970",78650,4898,2338
"Dec
1970",78594,5076,2369
"Jan
1971",78864,4986,2302
"Feb
1971",78700,4903,2178
"Mar
1971",78588,4987,2144
"Apr
1971",78987,4959,2206
"May
1971",79139,4996,2229
"Jun
1971",78757,4949,2180
"Jul
1971",79305,5035,2210
"Aug
1971",79539,5134,2337
"Sep
1971",79689,5042,2301
"Oct
1971",79918,4954,2222
"Nov
1971",80297,5161,2304
"Dec
1971",80471,5154,2320
"Jan
1972",80959,5019,2324
"Feb
1972",81108,4928,2111
"Mar
1972",81573,5038,2303
"Apr
1972",81655,4959,2229
"May
1972",81887,4922,2192
"Jun
1972",82083,4923,2279
"Jul
1972",82230,4913,2248
"Aug
1972",82578,4939,2285
"Sep
1972",82543,4849,2353
"Oct
1972",82616,4875,2351
"Nov
1972",82990,4602,2191
"Dec
1972",83400,4543,2003
"Jan
1973",83161,4326,2035
"Feb
1973",83912,4452,2259
"Mar
1973",84452,4394,2136
"Apr
1973",84559,4459,2260
"May
1973",84648,4329,2223
"Jun
1973",85185,4363,2322
"Jul
1973",85299,4305,2271
"Aug
1973",85204,4305,2290
"Sep
1973",85488,4350,2211
"Oct
1973",85987,4144,2063
"Nov
1973",86320,4396,2288
"Dec
1973",86401,4489,2332
"Jan
1974",86555,4644,2400
"Feb
1974",86754,4731,2432
"Mar
1974",86819,4634,2413
"Apr
1974",86669,4618,2337
"May
1974",86891,4705,2457
"Jun
1974",86941,4927,2497
"Jul
1974",87149,5063,2526
"Aug
1974",87037,5022,2609
"Sep
1974",87051,5437,2723
"Oct
1974",86995,5523,2723
"Nov
1974",86626,6140,3052
"Dec
1974",86144,6636,3125
"Jan
1975",85627,7501,3293
"Feb
1975",85256,7520,2947
"Mar
1975",85187,7978,3193
"Apr
1975",85189,8210,2915
"May
1975",85451,8433,3051
"Jun
1975",85355,8220,2872
"Jul
1975",85894,8127,2882
"Aug
1975",86234,7928,2808
"Sep
1975",86279,7923,2878
"Oct
1975",86370,7897,2962
"Nov
1975",86456,7794,2718
"Dec
1975",86665,7744,2762
"Jan
1976",87400,7534,2749
"Feb
1976",87672,7326,2799
"Mar
1976",87985,7230,2628
"Apr
1976",88416,7330,2938
"May
1976",88794,7053,2795
"Jun
1976",88563,7322,2787
"Jul
1976",89093,7490,2965
"Aug
1976",89223,7518,2893
"Sep
1976",89173,7380,2910
"Oct
1976",89274,7430,2945
"Nov
1976",89634,7620,2826
"Dec
1976",89803,7545,2921
"Jan
1977",89928,7280,2894
"Feb
1977",90342,7443,3015
"Mar
1977",90808,7307,2993
"Apr
1977",91271,7059,3015
"May
1977",91754,6911,2754
"Jun
1977",91959,7134,3138
"Jul
1977",92084,6829,2859
"Aug
1977",92441,6925,2896
"Sep
1977",92702,6751,2883
"Oct
1977",93052,6763,2883
"Nov
1977",93761,6815,2924
"Dec
1977",94105,6386,2729
"Jan
1978",94384,6489,2824
"Feb
1978",94519,6318,2764
"Mar
1978",94755,6337,2871
"Apr
1978",95394,6180,2750
"May
1978",95769,6127,2870
"Jun
1978",96343,6028,2788
"Jul
1978",96090,6309,3069
"Aug
1978",96431,6080,2858
"Sep
1978",96670,6125,2941
"Oct
1978",97133,5947,2786
"Nov
1978",97485,6077,2903
"Dec
1978",97581,6228,2978
"Jan
1979",97948,6109,2791
"Feb
1979",98329,6173,2899
"Mar
1979",98480,6109,2843
"Apr
1979",98103,6069,2938
"May
1979",98331,5840,2773
"Jun
1979",98679,5959,2947
"Jul
1979",99006,5996,2890
"Aug
1979",98776,6320,3296
"Sep
1979",99340,6190,2946
"Oct
1979",99404,6296,3039
"Nov
1979",99574,6238,3030
"Dec
1979",99933,6325,3013
"Jan
1980",99879,6683,3215
"Feb
1980",99995,6702,3134
"Mar
1980",99713,6729,3097
"Apr
1980",99233,7358,3374
"May
1980",98945,7984,3754
"Jun
1980",98682,8098,3409
"Jul
1980",98796,8363,3458
"Aug
1980",98824,8281,3415
"Sep
1980",99077,8021,3150
"Oct
1980",99317,8088,3236
"Nov
1980",99545,8023,3146
"Dec
1980",99634,7718,3097
"Jan
1981",99955,8071,3318
"Feb
1981",100191,8051,3287
"Mar
1981",100571,7982,3328
"Apr
1981",101056,7869,3185
"May
1981",101048,8174,3409
"Jun
1981",100298,8098,3340
"Jul
1981",100693,7863,3307
"Aug
1981",100689,8036,3320
"Sep
1981",100064,8230,3493
"Oct
1981",100378,8646,3656
"Nov
1981",100207,9029,3812
"Dec
1981",99645,9267,3949
"Jan
1982",99692,9397,3924
"Feb
1982",99762,9705,3808
"Mar
1982",99672,9895,3896
"Apr
1982",99576,10244,3951
"May
1982",100116,10335,3885
"Jun
1982",99543,10538,3606
"Jul
1982",99493,10849,3929
"Aug
1982",99633,10881,3895
"Sep
1982",99504,11217,3966
"Oct
1982",99215,11529,3873
"Nov
1982",99112,11938,3974
"Dec
1982",99032,12051,3939
"Jan
1983",99161,11534,3654
"Feb
1983",99089,11545,3717
"Mar
1983",99179,11408,3502
"Apr
1983",99560,11268,3539
"May
1983",99642,11154,3531
"Jun
1983",100633,11246,3686
"Jul
1983",101208,10548,3459
"Aug
1983",101608,10623,3632
"Sep
1983",102016,10282,3768
"Oct
1983",102039,9887,3491
"Nov
1983",102729,9499,3347
"Dec
1983",102996,9331,3455
"Jan
1984",103201,9008,3309
"Feb
1984",103824,8791,3327
"Mar
1984",103967,8746,3335
"Apr
1984",104336,8762,3362
"May
1984",105193,8456,3167
"Jun
1984",105591,8226,3261
"Jul
1984",105435,8537,3392
"Aug
1984",105163,8519,3567
"Sep
1984",105490,8367,3325
"Oct
1984",105638,8381,3423
"Nov
1984",105972,8198,3392
"Dec
1984",106223,8358,3371
"Jan
1985",106302,8423,3667
"Feb
1985",106555,8321,3471
"Mar
1985",106989,8339,3519
"Apr
1985",106936,8395,3499
"May
1985",106932,8302,3503
"Jun
1985",106505,8460,3538
"Jul
1985",106807,8513,3555
"Aug
1985",107095,8196,3439
"Sep
1985",107657,8248,3494
"Oct
1985",107847,8298,3424
"Nov
1985",108007,8128,3463
"Dec
1985",108216,8138,3393
"Jan
1986",108887,7795,3333
"Feb
1986",108480,8402,3516
"Mar
1986",108837,8383,3540
"Apr
1986",108952,8364,3598
"May
1986",109089,8439,3586
"Jun
1986",109576,8508,3489
"Jul
1986",109810,8319,3446
"Aug
1986",110015,8135,3439
"Sep
1986",110085,8310,3405
"Oct
1986",110273,8243,3416
"Nov
1986",110475,8159,3343
"Dec
1986",110728,7883,3297
"Jan
1987",110953,7892,3390
"Feb
1987",111257,7865,3323
"Mar
1987",111408,7862,3386
"Apr
1987",111794,7542,3162
"May
1987",112434,7574,3315
"Jun
1987",112246,7398,3167
"Jul
1987",112634,7268,3217
"Aug
1987",113057,7261,3191
"Sep
1987",112909,7102,3224
"Oct
1987",113282,7227,3241
"Nov
1987",113505,7035,3172
"Dec
1987",113793,6936,3178
"Jan
1988",114016,6953,3086
"Feb
1988",114227,6929,3057
"Mar
1988",114037,6876,3042
"Apr
1988",114650,6601,3107
"May
1988",114292,6779,3095
"Jun
1988",114927,6546,3101
"Jul
1988",115060,6605,2998
"Aug
1988",115282,6843,3172
"Sep
1988",115356,6604,3152
"Oct
1988",115638,6568,3106
"Nov
1988",116100,6537,3097
"Dec
1988",116104,6518,2972
"Jan
1989",116708,6682,3146
"Feb
1989",116776,6359,3194
"Mar
1989",117022,6205,3042
"Apr
1989",117097,6468,3110
"May
1989",117099,6375,3052
"Jun
1989",117418,6577,3303
"Jul
1989",117472,6495,3173
"Aug
1989",117655,6511,3090
"Sep
1989",117354,6590,3214
"Oct
1989",117581,6630,3218
"Nov
1989",117912,6725,3247
"Dec
1989",117830,6667,3275
"Jan
1990",119081,6752,3189
"Feb
1990",119059,6651,3223
"Mar
1990",119203,6598,3206
"Apr
1990",118852,6797,3269
"May
1990",119151,6742,3117
"Jun
1990",118983,6590,3151
"Jul
1990",118810,6922,3221
"Aug
1990",118802,7188,3320
"Sep
1990",118524,7368,3280
"Oct
1990",118536,7459,3347
"Nov
1990",118306,7764,3442
"Dec
1990",118241,7901,3462
"Jan
1991",117940,8015,3470
"Feb
1991",117755,8265,3585
"Mar
1991",117652,8586,3539
"Apr
1991",118109,8439,3400
"May
1991",117440,8736,3621
"Jun
1991",117639,8692,3428
"Jul
1991",117568,8586,3422
"Aug
1991",117484,8666,3446
"Sep
1991",117928,8722,3478
"Oct
1991",117800,8842,3473
"Nov
1991",117770,8931,3460
"Dec
1991",117466,9198,3473
"Jan
1992",117978,9283,3398
"Feb
1992",117753,9454,3277
"Mar
1992",118144,9460,3412
"Apr
1992",118426,9415,3296
"May
1992",118375,9744,3417
"Jun
1992",118419,10040,3518
"Jul
1992",118713,9850,3438
"Aug
1992",118826,9787,3436
"Sep
1992",118720,9781,3428
"Oct
1992",118628,9398,3356
"Nov
1992",118876,9565,3317
"Dec
1992",118997,9557,3189
"Jan
1993",119075,9325,3299
"Feb
1993",119275,9183,3461
"Mar
1993",119542,9056,3260
"Apr
1993",119474,9110,3350
"May
1993",120115,9149,3363
"Jun
1993",120290,9121,3218
"Jul
1993",120467,8930,3292
"Aug
1993",120856,8763,3176
"Sep
1993",120554,8714,3127
"Oct
1993",120823,8750,3336
"Nov
1993",121169,8542,3087
"Dec
1993",121464,8477,3246
"Jan
1994",121966,8630,3184
"Feb
1994",122086,8583,2652
"Mar
1994",121930,8470,2789
"Apr
1994",122290,8331,2842
"May
1994",122864,7915,2652
"Jun
1994",122634,7927,2757
"Jul
1994",122706,7946,2820
"Aug
1994",123342,7933,2671
"Sep
1994",123687,7734,2671
"Oct
1994",124112,7632,2424
"Nov
1994",124516,7375,2619
"Dec
1994",124721,7230,2581
"Jan
1995",124663,7375,2764
"Feb
1995",124928,7187,2578
"Mar
1995",124955,7153,2572
"Apr
1995",124945,7645,2730
"May
1995",124421,7430,2603
"Jun
1995",124522,7427,2744
"Jul
1995",124816,7527,2627
"Aug
1995",124852,7484,2732
"Sep
1995",125133,7478,2857
"Oct
1995",125388,7328,2725
"Nov
1995",125188,7426,2812
"Dec
1995",125088,7423,2662
"Jan
1996",125125,7491,2725
"Feb
1996",125639,7313,2713
"Mar
1996",125862,7318,2594
"Apr
1996",125994,7415,2530
"May
1996",126244,7423,2765
"Jun
1996",126602,7095,2552
"Jul
1996",126947,7337,2672
"Aug
1996",127172,6882,2496
"Sep
1996",127536,6979,2525
"Oct
1996",127890,7031,2477
"Nov
1996",127771,7236,2920
"Dec
1996",127860,7253,2621
"Jan
1997",128298,7158,2758
"Feb
1997",128298,7102,2549
"Mar
1997",128891,7000,2602
"Apr
1997",129143,6873,2439
"May
1997",129464,6655,2527
"Jun
1997",129412,6799,2562
"Jul
1997",129822,6655,2402
"Aug
1997",130010,6608,2525
"Sep
1997",130019,6656,2474
"Oct
1997",130179,6454,2566
"Nov
1997",130653,6308,2479
"Dec
1997",130679,6476,2534
"Jan
1998",130726,6368,2587
"Feb
1998",130807,6306,2572
"Mar
1998",130814,6422,2789
"Apr
1998",131209,5941,2628
"May
1998",131325,6047,2641
"Jun
1998",131244,6212,2546
"Jul
1998",131329,6259,2593
"Aug
1998",131390,6179,2597
"Sep
1998",131986,6300,2624
"Oct
1998",131999,6280,2823
"Nov
1998",132280,6100,2510
"Dec
1998",132602,6032,2587
"Jan
1999",133027,5976,2462
"Feb
1999",132856,6111,2566
"Mar
1999",132947,5783,2473
"Apr
1999",132955,6004,2781
"May
1999",133311,5796,2511
"Jun
1999",133378,5951,2521
"Jul
1999",133414,6025,2643
"Aug
1999",133591,5838,2546
"Sep
1999",133707,5915,2611
"Oct
1999",133993,5778,2536
"Nov
1999",134309,5716,2562
"Dec
1999",134523,5653,2642
"Jan
2000",136559,5708,2541
"Feb
2000",136598,5858,2604
"Mar
2000",136701,5733,2780
"Apr
2000",137270,5481,2510
"May
2000",136630,5758,2564
"Jun
2000",136940,5651,2579
"Jul
2000",136531,5747,2498
"Aug
2000",136662,5853,2550
"Sep
2000",136893,5625,2571
"Oct
2000",137088,5534,2497
"Nov
2000",137322,5639,2512
"Dec
2000",137614,5634,2477
"Jan
2001",137778,6023,2648
"Feb
2001",137612,6089,2851
"Mar
2001",137783,6141,2681
"Apr
2001",137299,6271,2972
"May
2001",137092,6226,2701
"Jun
2001",136873,6484,2808
"Jul
2001",137071,6583,2642
"Aug
2001",136241,7042,2966
"Sep
2001",136846,7142,2837
"Oct
2001",136392,7694,3111
"Nov
2001",136238,8003,3090
"Dec
2001",136047,8258,3037
"Jan
2002",135701,8182,3044
"Feb
2002",136438,8215,2984
"Mar
2002",136177,8304,3074
"Apr
2002",136126,8599,2932
"May
2002",136539,8399,2843
"Jun
2002",136415,8393,2711
"Jul
2002",136413,8390,2891
"Aug
2002",136705,8304,2927
"Sep
2002",137302,8251,2772
"Oct
2002",137008,8307,2765
"Nov
2002",136521,8520,2950
"Dec
2002",136426,8640,2838
"Jan
2003",137417,8520,2856
"Feb
2003",137482,8618,2798
"Mar
2003",137434,8588,2831
"Apr
2003",137633,8842,2794
"May
2003",137544,8957,2988
"Jun
2003",137790,9266,2906
"Jul
2003",137474,9011,2720
"Aug
2003",137549,8896,2801
"Sep
2003",137609,8921,2704
"Oct
2003",137984,8732,2710
"Nov
2003",138424,8576,2656
"Dec
2003",138411,8317,2554
"Jan
2004",138472,8370,2685
"Feb
2004",138542,8167,2425
"Mar
2004",138453,8491,2637
"Apr
2004",138680,8170,2780
"May
2004",138852,8212,2723
"Jun
2004",139174,8286,2677
"Jul
2004",139556,8136,2820
"Aug
2004",139573,7990,2660
"Sep
2004",139487,7927,2758
"Oct
2004",139732,8061,2732
"Nov
2004",140231,7932,2638
"Dec
2004",140125,7934,2768
"Jan
2005",140245,7784,2635
"Feb
2005",140385,7980,2749
"Mar
2005",140654,7737,2483
"Apr
2005",141254,7672,2688
"May
2005",141609,7651,2754
"Jun
2005",141714,7524,2659
"Jul
2005",142026,7406,2568
"Aug
2005",142434,7345,2570
"Sep
2005",142401,7553,2763
"Oct
2005",142548,7453,2719
"Nov
2005",142499,7566,2823
"Dec
2005",142752,7279,2588
"Jan
2006",143150,7064,2527
"Feb
2006",143457,7184,2577
"Mar
2006",143741,7072,2659
"Apr
2006",143761,7120,2665
"May
2006",144089,6980,2545
"Jun
2006",144353,7001,2705
"Jul
2006",144202,7175,2721
"Aug
2006",144625,7091,2603
"Sep
2006",144815,6847,2608
"Oct
2006",145314,6727,2616
"Nov
2006",145534,6872,2511
"Dec
2006",145970,6762,2596
"Jan
2007",146028,7116,2561
"Feb
2007",146057,6927,2574
"Mar
2007",146320,6731,2307
"Apr
2007",145586,6850,2456
"May
2007",145903,6766,2464
"Jun
2007",146063,6979,2551
"Jul
2007",145905,7149,2502
"Aug
2007",145682,7067,2614
"Sep
2007",146244,7170,2557
"Oct
2007",145946,7237,2545
"Nov
2007",146595,7240,2645
"Dec
2007",146273,7645,2718
"Jan
2008",146378,7685,2554
"Feb
2008",146156,7497,2653
"Mar
2008",146086,7822,2823
"Apr
2008",146132,7637,2493
"May
2008",145908,8395,3278
"Jun
2008",145737,8575,2753
"Jul
2008",145532,8937,2854
"Aug
2008",145203,9438,3256
"Sep
2008",145076,9494,2848
"Oct
2008",144802,10074,3170
"Nov
2008",144100,10538,3335
"Dec
2008",143369,11286,3255
"Jan
2009",142152,12058,3524
"Feb
2009",141640,12898,3450
"Mar
2009",140707,13426,3465
"Apr
2009",140656,13853,3338
"May
2009",140248,14499,3246
"Jun
2009",140009,14707,3114
"Jul
2009",139901,14601,3137
"Aug
2009",139492,14814,2940
"Sep
2009",138818,15009,2841
"Oct
2009",138432,15352,3223
"Nov
2009",138659,15219,2816
"Dec
2009",138013,15098,2879
"Jan
2010",138438,15046,2921
"Feb
2010",138581,15113,2807
"Mar
2010",138751,15202,2769
"Apr
2010",139297,15325,2725
"May
2010",139241,14849,2773
"Jun
2010",139141,14474,2683
"Jul
2010",139179,14512,2806
"Aug
2010",139438,14648,2671
"Sep
2010",139396,14579,2819
"Oct
2010",139119,14516,2655
"Nov
2010",139044,15081,2912
"Dec
2010",139301,14348,2693
"Jan
2011",139250,14013,2686
"Feb
2011",139394,13820,2469
"Mar
2011",139639,13737,2535
"Apr
2011",139586,13957,2787
"May
2011",139624,13855,2668
"Jun
2011",139384,13962,2933
"Jul
2011",139524,13763,2632
"Aug
2011",139942,13818,2650
"Sep
2011",140183,13948,2754
"Oct
2011",140368,13594,2668
"Nov
2011",140826,13302,2556
"Dec
2011",140902,13093,2678
"Jan
2012",141584,12797,2474
"Feb
2012",141858,12813,2610
"Mar
2012",142036,12713,2708
"Apr
2012",141899,12646,2624
"May
2012",142206,12660,2550
"Jun
2012",142391,12692,2747
"Jul
2012",142292,12656,2662
"Aug
2012",142291,12471,2784
"Sep
2012",143044,12115,2538
"Oct
2012",143431,12124,2635
"Nov
2012",143333,12005,2620
"Dec
2012",143330,12298,2756
"Jan
2013",143292,12471,2780
"Feb
2013",143362,11950,2713
"Mar
2013",143316,11689,2462
"Apr
2013",143635,11760,2487
"May
2013",143882,11654,2674
"Jun
2013",143999,11751,2680
"Jul
2013",144264,11335,2493
"Aug
2013",144326,11279,2475
"Sep
2013",144418,11270,2604
"Oct
2013",143537,11136,2823
"Nov
2013",144479,10787,2409
"Dec
2013",144778,10404,2328
"Jan
2014",145150,10202,2473
"Feb
2014",145134,10349,2376
"Mar
2014",145648,10380,2433
"Apr
2014",145667,9702,2424
"May
2014",145825,9859,2586
"Jun
2014",146247,9460,2417
"Jul
2014",146399,9608,2601
"Aug
2014",146530,9599,2620
"Sep
2014",146778,9262,2365
"Oct
2014",147427,8990,2494
"Nov
2014",147404,9090,2474
"Dec
2014",147615,8717,2370
"Jan
2015",148145,8885,2393
"Feb
2015",148045,8599,2392
"Mar
2015",148128,8515,2444
"Apr
2015",148511,8550,2716
"May
2015",148817,8834,2471
"Jun
2015",148816,8247,2309
"Jul
2015",148830,8167,2574
"Aug
2015",149181,7992,2073
"Sep
2015",148826,7907,2364
"Oct
2015",149246,7922,2372
"Nov
2015",149463,8000,2382
"Dec
2015",150128,7907,2399
"Jan
2016",150653,7627,2166
"Feb
2016",150939,7702,2235
"Mar
2016",151218,7961,2419
"Apr
2016",151074,8067,2594
"May
2016",151132,7652,2264
"Jun
2016",151223,7744,2396
"Jul
2016",151554,7641,2203
"Aug
2016",151779,7784,2285
"Sep
2016",151761,7953,2600
"Oct
2016",151793,7811,2434
"Nov
2016",151954,7553,2404
"Dec
2016",152157,7521,2354
"Jan
2017",152152,7468,2424
"Feb
2017",152480,7379,2511
"Mar
2017",153065,7073,2327
"Apr
2017",153255,7089,2324
"May
2017",153069,7000,2116
"Jun
2017",153318,6873,2321
"Jul
2017",153569,6892,2075
"Aug
2017",153503,7082,2258
"Sep
2017",154286,6854,2245
"Oct
2017",153609,6700,2126
"Nov
2017",153805,6774,2278
"Dec
2017",153904,6632,2237
"Jan
2018",154425,6489,2214
"Feb
2018",155197,6581,2469
"Mar
2018",155214,6472,2303
"Apr
2018",155312,6459,2142
"May
2018",155652,6196,1997
"Jun
2018",155762,6447,2269
"Jul
2018",156146,6195,1968
"Aug
2018",155504,6156,2241
"Sep
2018",156015,6073,2074
"Oct
2018",156391,6211,2055
"Nov
2018",156721,6115,2168
"Dec
2018",156817,6389,2149
"Jan
2019",156529,6439,2303
"Feb
2019",156908,6115,2246
"Mar
2019",156755,6182,2174
"Apr
2019",156683,5911,1942
"May
2019",156814,5941,2131
"Jun
2019",157164,5909,1903
"Jul
2019",157525,6008,2102
"Aug
2019",157782,5981,2276
"Sep
2019",158302,5775,1853
"Oct
2019",158474,5957,1946
"Nov
2019",158642,5911,2063
"Dec
2019",158834,5870,2102
